start	end	text
0	2700	だから、一定の販売いただいておりまして、
2700	6540	女の新規した関係数増加への企業を期待しております。
6540	8420	また新規注力を探して、
8420	10460	税利市事務省、公開探検事務省や
10460	15140	事業会社との提供進め、販見消費の格払につなげてまいります。
17140	20940	これまで人材と販見取得について説明してきましたが、
20940	22840	これは平者の主疫構造が、
22840	26020	エマンでヤードバイザースがける一人やたり売り上げたか、
26020	29040	によって構成されていることに基づいております。
29280	30660	今日の申し上げた通り、
30660	34000	エマンでヤードバイザースを増やすための人材宣伝でくたわせ、
34000	35680	一人やたり売り上げたかのうち、
35680	40240	特に自宅・アンケンスを増やす営業宣伝を計画しております。
40240	43580	一方で、制約率はアンコントローラブな部分も多く、
43580	46540	大幅な改善というような機能には難しいので、
46540	48660	現状の制約率を藤市ながら、
48660	50020	AIの制度強化、
50020	52320	あとはマッチング部もの人を増やすことにより、
52320	55320	制約率の構造を提供してまいります。
55400	57660	制約短化は一人に向上させるために、
57660	59580	おごたん県ばかり狙ってしまうと、
59580	62660	その制約化費によって影響セキューが大きく変動し、
62660	65220	もらっている高いビネスモデルになってしまうので、
65220	67900	現在の数字の字を第一に考えた上で、
67900	71860	短化の方順については順に作ろうっていうことを計画しております。
74180	76940	ここからは充電にお伝えしているものになるんですけども、
76940	79200	改めてご説明させていただきます。
79200	81100	わざ新規事業展開ですね。
81260	82580	我々の強みは、
82580	84180	2xAI技術、
84180	88780	営業力、採用力といった相当的な系力の部分だと考えており、
88780	91340	これはエマンデー中間事業以外の区域でも、
91340	93540	よく展開的ゲームだと思うとおります。
94580	95900	これらの強み昔、
95900	98000	基存事業の拡大だけではなく、
98000	100900	新規領域にも順次事業展開していき、
100900	102420	新規領域については、
102420	105180	旗が大きく高い成長率を理事的、
105180	108260	営業利益を大きく出せる領域の、
108260	110260	のみな展開を考えております。
110940	113820	まず、エマンデー中開事業のアップセリシサクとして、
113820	116300	平者がエマンデーを徹底したおなさまの、
116300	119380	参与をサポートする事業をスタートさせるために、
119380	122340	2023年の2月1日ですね。
122340	125180	参与をコンサルティングを立ち上げております。
125180	127580	詳細まだお伝えできない部分が多いんですけれども、
127580	128740	サービス内容であったり、
128740	130100	主援規構造とは、
130100	133660	文を適時、改じご説明させていただきます。
133660	136300	また2023年の3月17日より、
136300	138100	オルディングス対戦に越し、
138100	141580	持ち覚悪会社であるエマンデーソーケン・オルディングスを中心として、
141580	144540	対応の事業展開をしていくつもりです。
144540	147180	そのための新規事業への種巻やテストは少しずつ、
147180	148940	改善していく方法ですが、
148940	151580	いきなり意識に大きく投稿することはしません。
151580	152900	テストの開けていくや、
152900	154500	事業調査を徹底して行かない、
154500	157180	で、いっかく得の外前性が十分高まった段階で、
157180	158940	参与していく方法です。
160900	164220	先ほどご説明した成長戦略の一つであるセミナーですが、
164220	166460	累計の実績は30回を超えて、
166460	169460	今後さらに注力していくことを考えております。
169460	172620	要塞セミナーや業界特化型セミナーも開催しておりまして、
172620	176380	参加者から絶望相談いただくケースも増えてきています。
176380	178820	これまで終わる部分での開催があってみにしたが、
178820	181820	最近では対面での開催も始めとおりまして、
181820	185700	地名での工場や洗剤的につなげてまいります。
187940	190900	ついて、事業調査を実施した結果をご紹介させてください。
190900	193740	そういう指定から我々はずか4年間ですが、
193740	198180	完全性行方修正という上場企業優質の両筋体系に加えて、
198180	201620	完全性行方修正のエマンデー中海外社において、
201620	205500	制約検数実施式、あとは制約速度の2つの部門で、
205500	207500	何番話の評価をいただいております。
207500	211700	また、完全性行方修正という両筋体系をついても、
211700	216300	まだまだ、上場企業優質であるという注目を生かして、
216300	219300	おももさらに業化される会社を目指していきます。
220300	225300	最後に、ESGの観点の得者の若干についてご説明させていただきます。
225300	227300	3つの要素がありますが、
227300	230300	僕に偽者が貢献できると思っているのは、
230300	233300	Sの部分、ソーシャルの部分だと考えております。
233300	235300	貢献者風財で配慮する会社、
235300	240300	一者でも多くすくいうことが日本の価値で社会家での会社につながると考えております。
240300	244300	SDGsの観点でもいくつかに要素において、
244300	246300	貢献できると考えておりまして、
246300	248300	多くに9番、あと11番の要素は、
248300	252300	メーシャーの事業とも直接的に関連するところであります。
253300	255300	そちら、ESGとも調出させますが、
255300	258300	我々はエマンディーによる事業消費を促進し、
258300	260300	日本のすぐれた技術やサービス、
260300	264300	声を守ることに人力させていただきたいと考えております。
264300	269300	以上で、2023年9月9日の決算説明とさせていただきます。
269300	271300	ご清聴ありがとうございました。
272300	276300	続きまして、ここから質疑音に移らさせていただきます。
276300	279300	ズームの提案で勢いのを使って、
279300	282300	テキストにてお質問を送りいただければと思います。
282300	285300	特命で質問するというボタンも用意はされているんですけれども、
285300	287300	チェックをしてもしなくても、
287300	292300	他のご参加者の方に質問された方のお名前や内容が伝わることはありません。
292300	296300	いただいた質問は、私もで順次に読み上げさせていただき、
296300	299300	今回は、なるべく皆さんにも質問の内容がわかるように画面に、
299300	302300	問えできるにしようと思っております。
302300	303300	時間の金やまいまして、
303300	306300	すべての質問には答えできない可能性がある点が、
306300	309300	およしゃい頂ければと思います。
309300	313300	最初に事前に頂いている質問がいくつかあるので、
313300	316300	そちらからまず共有させて頂いて、
316300	320300	どればにお書いておさせて頂ければと思っております。
321300	324300	はい、
324300	329300	3歳今、事前の質問についておりますかね。
329300	331300	はい、あるいですかね。
331300	334300	はい、ともちろん前に頂いた質問になっておりまして、
334300	337300	1個目、こちらについては私からから頂いて、
337300	339300	2番から5番については、
339300	343300	さがみより頂いて頂ければと思います。
343300	347300	1つ目ですね、3月17日のオリングスカに伴い、
347300	349300	両席をその立て方や、
349300	352300	財務指標に影響はあるかでご質問です。
352300	357300	こちらですね、基本的に影響はないという回答になります。
357300	359300	オリングスワークまで持ち上がい者ですし、
359300	361300	地産予報される点が、
361300	363300	特にまだ稼働していない状態、
363300	365300	準備を進めている段階ですので、
365300	367300	それらに所を望むと、
367300	370300	これまであったエマンドへ総合研究所の、
370300	372300	やってるエマンドへ注意事業に基づいて、
372300	374300	影響を総合を立てております。
374300	376300	影響が出てくるとしたら、
376300	378300	ライキーに入って、
378300	379300	産予報されているのは、
379300	380300	徐々に立ち上がってきたら、
380300	382300	影響が出てくると思っておりますが、
382300	384300	弱い影響、
384300	386300	産予報されているビジネス。
386300	388300	アップセリスだけではあって、
388300	390300	特段赤字を壊るとか、
390300	392300	基本的には総定は知っていないんですけれども、
392300	395300	無理上げデーキの上のせいを見込むような形で、
395300	398300	ライキーに影響が出てくるかなと思っております。
398300	401300	では、ちょっと2番から順番に、
401300	403300	どうさみさんのお願いしてもいいでしょうか。
403300	404300	はい。
404300	405300	初期しました。
405300	407300	2番から5番に関しては、
407300	408300	私の方から、
408300	410300	回答させていただければと思います。
410300	413300	まず2番のところなんですけれども、
413300	415300	今、現団会で検討しているものも
415300	417300	当然あるんですけれども、
417300	420300	今は市場調査を行っている段階であるので、
420300	422300	具体的な回答というのは難しい、
422300	424300	というふうに考えております。
424300	426300	タイミングに関しても、
426300	428300	今すぐとかでは当然なくてですね。
428300	434300	近い数年以内というような回答にとどめたいというふうに思っております。
434300	439300	3つ目の質問に対する回答なんですけれども、
439300	441300	もちろん未来のことなので、
441300	443300	不確実性はあるものの、
443300	445300	今後数年間というのは、
445300	448300	この事業書件のマーケットというのの成長は、
448300	451300	持続していくものというふうに考えております。
451300	453300	そのとも、事業書件のニーズは
453300	456300	かなり押せであることもありますし、
456300	458300	日本の公開者、
458300	460300	不財の問題というのは、
460300	464300	注重期的に続いていくものというふうに考えております。
464300	467300	4点目のマネジメント体制だったり、
467300	471300	育成のところの質問に対する回答なんですけれども、
471300	473300	こちらに関しては、
473300	475300	無人増に人を取りすぎて、
475300	479300	機能不財に落ちることを避けるというふうに考えてます。
479300	480300	なので、
480300	482300	信じんの管理だったりとか、
482300	486300	採用していくせいできる体制が、
486300	488300	可能なニンズというのを計算し、
488300	491300	その範囲内で採用しているというところですので、
491300	494300	急速に人材を増やしているものの、
494300	496300	そこによる機能不財というのは、
496300	499300	内容に進めているというような形になります。
499300	502300	教育体制に関しましても、
502300	505300	常に効率化を行い続けており、
505300	507300	教える側も、
507300	508300	教えられる側も、
508300	510300	無駄な時間を使わずに、
510300	514300	最も効率的な研修ができるように、
514300	517300	していっているというような形になってます。
517300	519300	一つ目の質問で、
519300	520300	グディック系の
520300	521300	エマンドへ、
521300	523300	宗体会社も増えているという、
523300	526300	これよくいただく質問であるんですけれども、
526300	528300	信じさんによっては、
528300	530300	確かに多いの多いんですけれども、
530300	531300	売り上げだったりとか、
531300	533300	採用面において、
533300	534300	どうしちゃに、
534300	535300	特断の大きな影響というのは、
535300	538300	全く出てないかなというふうに思ってます。
538300	540300	なので、ある程度の希望の、
540300	542300	宗体会社様とは、
542300	544300	案件をめぐって共合することっていうのは、
544300	545300	当然あるんですけれども、
545300	547300	無駄区系のところっていうのは、
547300	549300	ほぼ共合しないか、
549300	550300	下としても、
550300	552300	サービス面だったりとか、
552300	554300	実績に基づく信頼等で、
554300	557300	しっかり勝てているかなというふうには思ってます。
557300	559300	で、最終においても、
559300	561300	当社のような、
561300	562300	効率性と、
562300	563300	稼ぎやすさを、
563300	565300	利率している会社って、
565300	566300	結論ないので、
566300	567300	そこに関しても、
567300	568300	影響を感じることっていうのは、
568300	569300	全くないかなというふうに、
569300	570300	見てます。
570300	571300	以上、
571300	572300	回答となります。
572300	574300	はい、
574300	575300	ただ、
575300	576300	今回は、
576300	577300	リアルタイムで、
577300	578300	いただいている質問についても、
578300	579300	画面に打つしながら、
579300	581300	回答させてもらえればと思います。
581300	582300	まず、
584300	586300	こちらからですね、
586300	588300	あれ今、
588300	590300	グロスの人員増加の、
590300	591300	やつ打つってますよね。
591300	592300	はい。
592300	592300	
592300	593300	すいません。
593300	594300	えーと、
594300	595300	読みをさせていただきます。
595300	597300	読みをさせていただきます。
597300	599300	はい。
599300	600300	ちょうどしました。
600300	601300	じゃあ、
601300	602300	一つ目は、
602300	604300	サイオミックスの変化が、
604300	607300	コンサルフォンと1目あたりの売り上げだか、
607300	609300	合成産性にあたえる影響について、
609300	610300	メジアルは、
610300	611300	ご教授ください。
611300	612300	で、
612300	613300	二つ目が、
613300	615300	サイオコンサルテングのサービス立ち上げに、
615300	616300	そう、
616300	617300	というより、
617300	619300	時間がかかって臨床ですが、
619300	621300	元々の会社相点対して、
621300	623300	検査に進行をどう評価なさっているか、
623300	624300	はい。
624300	625300	ちょうどしました。
625300	626300	じゃあ、一つ目に関しては、
626300	627300	私の方から、
627300	628300	書いておさせていただきます。
628300	629300	で、
629300	631300	割合に関しましては、
631300	634300	中等メインになるかなっていうふうに思ってまして、
634300	637300	中等の割合が約90%善後、
637300	640300	それくらいの割合になるかなっていうふうに思ってますと。
640300	641300	で、
641300	642300	申訴つといっても、
642300	645300	しっかり申訴つつわけていくというよりも、
645300	646300	即戦力で、
646300	648300	すぐに売り上げを上げるような、
648300	649300	まあ、
649300	649300	
649300	650300	かなり、
650300	651300	こうインターンだったりとか、
651300	653300	営業会社を務めていたもしか、
653300	655300	企業していたみたいな人物だけを取っているので、
655300	656300	この割合っていうのは、
656300	658300	中等がほとんどになるので、
658300	659300	まあ、
659300	660300	あの、
660300	661300	サヨミックスによる、
661300	662300	えっと、
662300	663300	コンサル人、
663300	665300	コンサルタンと一人あたりの、
665300	666300	割合上げだから、
666300	667300	生産性に対しての、
667300	670300	影響っていうのはないかなっていうふうに考えてます。
670300	671300	はい。
671300	673300	で、2つ目の書いた、
673300	674300	これ、
674300	675300	お銀の、
675300	676300	さん、大丈夫ですかね。
676300	677300	はい。
677300	678300	じゃあ、ちょっとここは、
678300	679300	私から書いておさせていただきます。
679300	680300	で、と、
680300	681300	その手入り確かに、
681300	682300	少し時間はかかっているんですけれども、
682300	683300	もともと、
683300	684300	なかなか、
684300	685300	いつ、
685300	686300	これが、
686300	687300	あちあげられるかって時期は、
687300	688300	ちょっと幅広に、
688300	689300	見つもってはいる中で、
689300	691300	その連日からは外れているような印象は、
691300	692300	ないですと、
692300	693300	いろいろ準備を進める中で、
693300	697300	確認しなきゃいけない事が出てきて、
697300	700300	それらの調整を進めている状態なので、
700300	702300	おいがんなポイントというのは、
702300	703300	今のところ、
703300	704300	特段出てきては、
704300	705300	終わらず、
705300	707300	まあ、いろいろ確認とかに時間が、
707300	709300	確認にかかってしまっているというような状態ですね。
709300	710300	なので、
710300	711300	こちらは、
711300	712300	しくしくと、
712300	713300	進めていければ、
713300	714300	問題なく、
714300	715300	立ち上げていけるのかなと、
715300	716300	今時点では、
716300	718300	考えております。
718300	719300	はい。
719300	721300	続いての質問をまた、
721300	724300	撃ちさせていただきます。
724300	725300	はい。
725300	725300	
725300	727300	読み上げます。
727300	728300	20代のタレントを、
728300	730300	CAGR50パーセント調です、
730300	731300	採用し、
731300	732300	遺跡にすることは、
732300	734300	よく的計画であるように思いますが、
734300	735300	社装点に対して、
735300	736300	人計画が、
736300	737300	ひたぶり、
737300	738300	スリースクがあるとすれば、
738300	740300	とのような事故でしょうか。
740300	741300	ちょっと質問ないくつか、
741300	742300	いっくいこう、
742300	743300	読み上げさせていただき、
743300	745300	撃ち回答できればと思います。
745300	746300	はい。
746300	747300	まあ、
747300	750300	1点目のところなんですけれども、
750300	751300	まあ、
751300	752300	各社が、
752300	754300	人材採用に関しては、
754300	757300	積極的に採用するというところではあるので、
757300	758300	まあ、
758300	760300	そういう市場環境により変化っていうのは、
760300	763300	アリエールかなとは思うんですけれども、
763300	765300	現状で言うと、
765300	766300	多分今、
766300	769300	出させていただいている計画に関しては、
769300	770300	多数の角度は、
770300	771300	あの、
771300	774300	ある程度あるものかなというふうに思っているというところですね。
774300	775300	で、まあ、
775300	776300	ここに関しては、
776300	777300	あの、
777300	778300	本当に最終四所だと思っているので、
778300	779300	まあ、
779300	780300	僕自らが、
780300	781300	あの、見ているので、
781300	782300	まあ、
782300	783300	あの、
783300	786300	しっかり見ていくというところかなというふうに思っております。
786300	787300	はい。
787300	788300	で、2つ目ですね。
788300	791300	2026年9月起のアドバイザー数と、
791300	794300	製薬権数の計画の数字のコンケについての
794300	796300	遅くの説明がございます。
796300	797300	と幸いです。
797300	798300	はい。
798300	799300	はい。
799300	800300	そうですね。
800300	801300	アドバイザー数に関しては、
801300	802300	これに関しては、
802300	803300	現状、
803300	804300	あの、
804300	805300	まあ、
805300	806300	毎月ですね、
806300	808300	取れてる人数っていうのを、
808300	809300	あの、
809300	811300	ずーっと右方がりで上げている状態ですので、
811300	813300	もう、今のペースで行ったとしても、
813300	815300	2026年じゃあ180に増やしますとか、
815300	817300	まあ、200に増やしますっていう、
817300	818300	計画に関しては、
818300	820300	現状のままやっても、
820300	822300	またしてできるかなっていうふうに思ってまして、
822300	823300	まあ、ここに関しては、
823300	825300	大丈夫かなっていうふうに思ってますと。
825300	827300	で、製薬権数に、
827300	828300	あの、関しましても、
828300	829300	あの、結局今までの、
829300	831300	あの、アドバイザー、
831300	832300	やと入れたアドバイザーが、
832300	834300	何件制薬したかっていうところの、
834300	835300	まあ、
835300	836300	事実データにもとづいて、
836300	837300	あの、
837300	838300	単純に、
838300	839300	この書け算しているっていうところなので、
839300	840300	あの、
840300	843300	ある程度の数字のコンケあるかなっていうふうに思っているっていうところですかね。
843300	845300	はい。
845300	846300	えーと、続いての人も、
846300	847300	ですとくいに、
847300	849300	回転の経験を関するつもので、
849300	852300	製薬に時間がかかるようになったということはありますでしょうか。
852300	853300	あ、
853300	855300	これに感謝現状なくてですね、
855300	856300	多分、
856300	857300	前回開始させていただいたときって、
857300	858300	えーと、
858300	860300	平気の製薬期間が6.6ヶ月っていうところで、
860300	862300	まあ、今回6.7ヶ月でも、
862300	864300	まあ、ちょっと増えてはいるんですけれども、
864300	867300	何かしろのその経験会により、
867300	868300	えーっと、
868300	870300	変わってるっていうような印象はないですね。
870300	871300	はい。
871300	872300	はい。
872300	873300	はい。
873300	874300	次です。
874300	876300	栽養者の案件製薬の貢献について、
876300	877300	シニアメンバーところなり、
877300	879300	製薬率を低く見つもる、
879300	883300	結果としてコンサバニュースになっているということはありますか。
883300	886300	えーっと、そうです。
886300	888300	えーっと、
888300	891300	まあ、そこまではないんですけれども、
891300	893300	まあ、いったんなんていうかね、こう、
893300	895300	当然その新規で、
895300	896300	栽養者人が、
896300	898300	どういうふうにパフォーマンスしているかって、
898300	899300	データは当然とっていって、
899300	903300	それに対しての関係目を掛け合わせているっていう話ではあるんですけれども、
903300	905300	ほし的に見て、
905300	907300	どういう感じの数字計画になるか、
907300	909300	通常通り行けば、
909300	911300	どれくらいの計画になるかみたいなところを、
911300	915300	まあ、考えながら計画立てているっていうようなところになりますね。
915300	917300	なので、コンサバニューになってる部分も
917300	919300	当然あるっていうところではありますね。
919300	921300	はい。
921300	923300	続いての質問をまた打つさせていただきたいと思います。
923300	924300	はい。
924300	925300	どういう話が出ています。
925300	926300	先ほどの件で、
926300	927300	えっと、
927300	928300	あ、マイク戻ってもらっていいですかね。
928300	929300	はい。
929300	931300	何年以上先ほどのように戻しますね。
931300	932300	はい。
932300	934300	えっと、例えばの例で言います。
934300	936300	どうコンサバニューしてるかっていますと、
936300	937300	えっと、
937300	939300	基礎にいたメンバーっていうのが、
939300	940300	えっと、2000、
940300	941300	えっと、
941300	942300	去年ですね、
942300	943300	前期で言うと、
943300	946300	えっと、31年基礎に人がいました。
946300	948300	そこから39億円の売り上げになってます。
948300	949300	で、
949300	950300	コンキに関して、
950300	953300	基礎のタイミングで74年いました。
953300	954300	で、ただ、
954300	956300	えっと、僕らの売り上げの想定ちって、
956300	959300	多分67億という解除をさせていただいていたので、
959300	961300	まあ、そこに感謝ある程度それぞれを掛けて、
961300	964300	コンサバの筋になっているっていうふうに考えてます。
964300	965300	で、また、
965300	966300	そこのコンサバの筋っていうのが、
966300	967300	まあ、普通通りいけば、
967300	969300	まあ、今回情報の出設させていただいた、
969300	971300	まあ、8億円くらいになりますよね。
971300	973300	っていうようなロジックになっているっていうところですね。
973300	974300	はい。
974300	975300	はい。
975300	976300	じゃあ、
976300	978300	筋でいての質問に行ってます。
978300	981300	中継における1人当たり売り上げたかの要因分析で、
981300	982300	正確なかは、
982300	984300	現状と2026年暮ら月期では、
984300	986300	いくらで見込んでいますか。
986300	988300	どういうに正確数もですね。
988300	990300	当初、正確なかは、
990300	992300	上げないとお話されていたかと思うので、
992300	994300	確認したいです。
994300	995300	まあ、これに関しては、
995300	997300	現状以上するように、
997300	999300	あの、頑張っていくっていうところかなっていうふうに思ってますと。
999300	1000300	で、
1000300	1003300	単下をやっぱり上げにいくみたいな施策をねってしまうと、
1003300	1004300	まあ、それをそれで、
1004300	1005300	当然売り上げは、
1005300	1008300	せーのものとし上がりやすいっていうのがあるんですけれども、
1008300	1009300	まあ、あの、
1009300	1010300	売れが大きくなるので、
1010300	1011300	まあ、そういうボラテリティを、
1011300	1012300	そのためにも、
1012300	1014300	えっと、正確なかに関しては、
1014300	1017300	あの、維持する方向で考えているっていうところですかね。
1018300	1019300	はい。
1019300	1021300	で、次ですね。
1021300	1022300	2球の売り上げは、
1022300	1023300	正確なかに関しては、
1023300	1024300	1球と比べて、
1024300	1026300	現状をした背景を教えてください。
1026300	1027300	3球への気づれ、
1027300	1028300	あるいは1球へよすぎた。
1028300	1030300	まあ、過去4球から気づれがあった。
1030300	1031300	など、
1031300	1032300	1時的な要因があったのでしょうか。
1032300	1034300	3球以降の見通しについても、
1034300	1035300	教えていただけます。
1035300	1036300	ただ、
1036300	1037300	幸いです。
1037300	1038300	まあ、そうです。
1038300	1039300	まあ、
1039300	1041300	現状したいけ、
1041300	1042300	まあ、
1042300	1043300	うーん、
1043300	1043300	
1043300	1046300	まあ、ある程度の気づれの影響だったりとかはあると思うんですけれども、
1047300	1049300	まあ、こうたこうたで見たら、
1049300	1050300	僕らの、なんていうかで、
1050300	1052300	正直検査の数からして、
1052300	1054300	今のところは右肩上がりにはならず
1054300	1056300	ジャック・カンボラティティを含めて、
1058300	1061300	右肩上がりで上がっていくっていうようなイメージですので、
1061300	1064300	まあ、ただ、現状なにかしらの問題があるとかは別になくて、
1064300	1065300	ですね、
1065300	1068300	新しく入った人もしっかり正確を上げている状態ではあるので、
1068300	1070300	まあ、人を増やしていくと、
1070300	1071300	ひれへ的に、
1071300	1072300	正直検査も
1072300	1075300	あのこうたってこうたで伸びていくっていうふうには思ってますけど、
1075300	1077300	僕をたことで見るとやはり、
1077300	1078300	ビジネスモデル上、
1078300	1079300	あの、
1079300	1082300	まあ、多少のでこぼくあるのかなとは思いますけれども、
1082300	1083300	これがさらに、じゃあ、
1083300	1085300	あの、ご湧いの正直検査とかになってくると、
1085300	1086300	ボラティティはさらに、
1086300	1089300	5分の1になってくるかなっていうふうに思ってるっていうところですかね。
1089300	1091300	で、参考をたい行こうに関しましても、
1091300	1092300	あの、
1092300	1093300	基本的に、
1093300	1094300	あの、人を採用して、
1094300	1097300	まあ、その人たちがうり上げ上げていくっていうビジネスモデルなので、
1097300	1099300	まあ、通常運転で、
1099300	1100300	あの、
1100300	1101300	まあ、しっかり、
1101300	1105300	やっぱりそうな人の方を出せるのかなっていうふうには思ってるっていうところですかね。
1105300	1107300	はい、
1107300	1115300	はい、
1115300	1117300	で、続き、
1117300	1118300	はい、
1118300	1118300	
1118300	1120300	その間、
1120300	1121300	はい、
1121300	1123300	はい、
1123300	1124300	はい、
1124300	1125300	はい、
1125300	1126300	はい、
1126300	1127300	はい、
1127300	1128300	はい、
1128300	1129300	はい。
1129300	1130300	はい。
1130300	1131300	はい。
1131300	1132300	はい。
1132300	1133300	はい。
1133300	1158300	はい。
1189300	1190300	はい。
1190300	1192300	では、えーとを続いての質問また撃つさせていただきました。
1192300	1194340	えーと、一かめですね。
1194340	1198660	音車が支援用コンサルをされる場合何がいちばんだ差別化用點というものでしょうか。
1198660	1201240	こうogy的な正式界はされていますが It's a certainly good way.
1201240	1203660	そこはご規模でしょうか?ネニカあるのですね。
1203660	1204660	しようこさん。
1204660	1205660	はい。
1205660	1205840	stories
1205840	1208640	ここに関しては、あのー...
1208640	1212120	まあ あのタイミングを見てしっかり感じさせていただけばと思いますので
1212120	1213380	今、このタイミングで Give it a motion just as I've been put,
1213380	1217380	具体的にちょっとのべれるモノはないというところになります。
1217380	1218220	はい。
1218220	1219220	はい。
1219220	1223020	いって、えー、内容社コメント166メートルのアートバイザー数が決まっていますが
1223020	1225860	第3試合の機では何名にね、理想ですか。
1225860	1227440	ちょっとこちらですね、あの...
1227440	1232380	インサイダー上をと言いますか、まだ会事してない試合の機ベースというのが通じになってしまいますので
1232380	1235820	回答は控えさせていただければと思います。
1235820	1238200	で、えー続きまして、車長として、
1238200	1240320	本気一番チャレンジしたりしたりしたりは
1240320	1244140	ない度は高いが、これができれば車とさらに差が付けられるという
1244140	1247020	能力も共有はありましょうか。
1247020	1248020	うん。
1248020	1251020	あ、そうですね。
1251020	1254020	やっぱり人を採用するというところが
1254020	1257520	売り上げにとっけつる部分かなっていうふうに考えているので
1257520	1261020	そこに対して、なんて言うんすかね、こう
1261020	1265020	まあ現状はすごく人が取れているっていう状態ではあるので
1265020	1270020	そこにアンドせず、ててててきにこう取り続けるみたいな試合を崩さずに今
1270020	1275020	あの、最終面接よも今って、ペース的に言うと多分、結果んで
1275020	1279020	10数人とか、それぐらいのペースでと絶ってはいるんですけれども
1279020	1285020	全部僕が最終面接みて、絶対にしつおとさないようにっていうところでやっているっていうところを
1285020	1287020	あの、まあ、なんて言うんすかね。
1287020	1291020	それが周り始めたからと言って、僕じゃなくて他の人が見たりとかで
1291020	1294020	多少でも制度が落ちそうなところっていうのを抜け守れなく
1294020	1299020	絶対になくすっていうところが大事なので、もう宿宿とやり続けるということが
1299020	1303020	意外と重要なのかなっていうところで、なんか特表しもないアイデアとか
1303020	1306020	なんか、飛び道具みたいなあれば当然いいっちゃいいんですけれども
1306020	1309020	そういうものは存在しないという風に思っているので
1309020	1313020	ひたすらしく宿宿とやっていくということかなっていう風に思ってます
1313020	1319020	はい、続いて、ファドバイザーの採用数が、結果ぐわぶれた領域として
1319020	1322020	応募数が大きく増えていることもありますか
1322020	1326020	あ、そうです。大きく増えてるというよりも
1326020	1330020	結局この人材の採用の応募数のところって
1330020	1336020	エイジェントのシャスに昼する関係地になっているので
1336020	1340020	そのエイジェントをいかに新しく進化とっていくか
1340020	1344020	そして、既存のエイジェントをいかに消していくかみたいなところを
1344020	1347020	毎月毎月宿宿宿とやり続けているので
1347020	1349020	一気に応募数が増えたとかではなくて
1349020	1354020	ずーっと右方がに伸び続けてるみたいな感じの印象ですね
1354020	1356020	はい
1356020	1360020	はい、続いてお射くチャットGBTとかだと思うんですけども
1360020	1363020	波ですが生成AIはオンシャルの事業にとっては
1363020	1365020	プラセになるものでしょうか
1365020	1368020	あ、そうですね。化粧がなるかなって思ってます
1368020	1371020	そして、どういうところになるかっていますと
1371020	1373020	事務作業の部分ですね
1373020	1377020	基本的には、アドバイザーの方々は
1377020	1380020	僕らの会社では事務作業は事務員に触れるというところに
1380020	1382020	穴っているんですけれども
1382020	1384020	地務員の効率性を上げる
1384020	1387020	また例えば、決策者のデータを入力したりとかっていうのは
1387020	1391020	使える可能性はあるなとは思ってはいるものの
1391020	1396020	ただ、情報の上的なところのリスクも当然あるかなと思うので
1396020	1398020	そこはしっかり見た上での
1398020	1402020	これから多分検討していかなければいけない部分かなっていうふうに思ってます
1402020	1404020	これが1点目で2点目としては
1404020	1406020	ホームの部分ですね
1406020	1409020	弁護士のリーガルチェックみたいなところに関しても
1409020	1413020	私を使える部分っていうのはあるかなっていうふうに思っていって
1413020	1417020	ここは僕もエンジナーなのでいろいろ今開発は
1417020	1420020	ちょこちょこしていってるっていう感じですけれども
1420020	1422020	これが出来上がったからって言って
1422020	1424020	大幅にリーキリスが改善するかというと
1424020	1428020	そんなことはないかなっていうふうに思っているっていうところですかね
1428020	1430020	まあなぜそういうふうに思うかというと
1430020	1433020	地務員の人とホームの人の人の人間日が
1433020	1436020	借りに0.6がけになったとしても
1436020	1439020	それでウクキンが食って数千万なので
1439020	1442020	よりリーキリスにそこまでないキャッチないかなっていうふうに思ってますけれども
1442020	1444020	まあ努力できるにポッしたことはないので
1444020	1447020	ここはここでやっていきたいなって思ってるっていうところですね
1447020	1449020	また当然リスクも考えながら
1449020	1450020	だと思うので
1450020	1453020	ゆっくり見ていくっていう感じですね
1453020	1454020	はい
1454020	1457020	またちょっとしても付き出す例のに変えます
1457020	1458020	ぜひですね
1458020	1460020	音楽探検の比率について
1460020	1462020	Q1の水準に練り生きで戻るのは
1462020	1464020	新規作業が増えていることからして
1464020	1467020	難しいと考えれべきでしょうか
1467020	1471020	Q1は水準に練り生きで戻れてどいいのか
1471020	1472020	はい
1472020	1476020	Q1のときは12%程度ですから
1476020	1477020	ね
1477020	1479020	動画単権の比率ビクト
1479020	1480020	はい
1480020	1482020	今回
1482020	1483020	まあでも
1483020	1486020	スディクトソースに比率は特段変わってない人式ですね
1486020	1488020	我々はレパスと今回29件
1488020	1490020	肉ウォーターで制約していて
1490020	1492020	うち4件がオーガ単権
1492020	1493020	という形だったので
1493020	1494020	比率自体は
1494020	1497020	特段変わってないですね
1497020	1498020	ですいません
1498020	1499020	と質問者の確保しよう
1499020	1501020	我々の認識素があったら
1501020	1503020	追加でまたご質問いただけると
1503020	1504020	ありがたいです
1504020	1507020	一旦ちょっと次に行かせていただきまして
1507020	1509020	通常社員が増えると
1509020	1512020	仕事が管理だけの管理職が増えてきますが
1512020	1513020	本社では
1513020	1515020	個人の生産の改造度が高くて防げている
1515020	1517020	と見ていいのでしょうか
1517020	1520020	これに関してお管理職を
1520020	1522020	今後は
1522020	1525020	多少は増やすというか
1525020	1527020	作っていこうかな
1527020	1528020	というふうには考えていて
1528020	1529020	これも今
1529020	1530020	計画していて
1530020	1532020	ライティの人員計画から
1532020	1534020	今管理職になるべき人間というのを
1534020	1537020	育てているというようなところになりますね
1537020	1540020	ただここに書いていただいているとおり
1540020	1541020	管理職の人が
1541020	1544020	非常に多く必要になるかというと
1544020	1545020	そういう感じの管理の仕方
1545020	1547020	そもそもしていないので
1547020	1548020	ある程度の
1548020	1550020	かなり大きな人数を
1550020	1552020	見るような管理職が
1552020	1554020	数々にいるみたいな形にして
1554020	1556020	もっともこすっぱよく
1556020	1558020	みんなが稼げる状態を
1558020	1559020	作るかつ解釈利益の
1559020	1560020	ボルカたちを
1560020	1562020	作っていこうというふうに思ってますね
1562020	1564020	はい
1564020	1565020	続いて
1565020	1566020	最終計画の
1566020	1567020	根基中のさらになる
1567020	1569020	上部での形可能性はありますでしょうか
1569020	1570020	また
1570020	1571020	このタイミングで
1571020	1572020	2016年までの
1572020	1574020	最終計画を開始したいと
1574020	1575020	操作した最終の状況は
1575020	1577020	どういったことでしょうか
1577020	1579020	そうですね
1579020	1581020	上部での可能性に関しては
1581020	1583020	ちょっと現時点では
1583020	1585020	お答えできないですと
1585020	1586020	2016年まで
1586020	1588020	最終計画を開始したいとと
1588020	1589020	しましては
1589020	1591020	やっぱり最終のところが
1591020	1593020	全てのビジネスモデルで
1593020	1595020	かなりここに関しては
1595020	1597020	うまくいっているというところがあって
1597020	1598020	ここは
1598020	1599020	田所さんのと比べても
1599020	1600020	かなり
1600020	1602020	こう水準で伸びているというところがあるので
1602020	1604020	そこを
1604020	1606020	しっかりと
1606020	1608020	いただきたいという意味を込めて
1608020	1611020	開始させていただいたというところになります
1611020	1612020	はい
1612020	1613020	続いての質問を
1613020	1615020	またお聞かせていただきます
1615020	1616020	一つ目
1616020	1617020	医者関係数の
1617020	1618020	伸びよりも
1618020	1619020	アドバイザー数の伸びの方が
1619020	1620020	あったかいと思います
1620020	1622020	問題的はありますか
1622020	1623020	まぁ特にないですよ
1623020	1624020	これに関しても
1624020	1626020	アドバイザー数が
1626020	1627020	一回
1627020	1628020	初月に撮る
1628020	1630020	アドバイザー一人あたりが
1630020	1631020	初月に撮る
1631020	1633020	アドバイザー数
1633020	1634020	アドバイ
1634020	1635020	自宅関係ですね
1635020	1636020	アドバイザーリー
1636020	1637020	契約の数だったりとか
1637020	1638020	っていうのを
1638020	1639020	全部KPIして
1639020	1640020	KPI管理して
1640020	1641020	見ているので
1641020	1642020	そこに関しては
1642020	1643020	問題意識は
1643020	1644020	特にないですね
1644020	1645020	はい
1645020	1646020	はい
1646020	1647020	2つ目
1647020	1648020	申し訳したから
1648020	1649020	もしれませんが
1649020	1650020	エマンドアドバイザーの
1650020	1651020	エットカウントが
1651020	1652020	9.1キュウで
1652020	1653020	大きく伸びている中
1653020	1654020	確保20%
1654020	1655020	裏切が
1655020	1656020	18%をして
1656020	1657020	理由が
1657020	1658020	今一歴で
1658020	1659020	理解できていません
1659020	1660020	新入社員が
1660020	1661020	裏切高見
1661020	1662020	シーヘットカウントの
1662020	1663020	つくのには
1663020	1664020	どのくらい時間が
1664020	1665020	必要なのか
1665020	1666020	あなた見てご教授ください
1666020	1668020	で
1668020	1670020	ドカウントが
1670020	1671020	これ
1671020	1672020	すみません
1672020	1673020	どう意味ですか
1673020	1674020	アドバイザーの
1674020	1675020	人数自体は
1675020	1676020	増えているけど
1676020	1677020	1.9と2.9日で
1677020	1678020	裏切が
1678020	1679020	持っている
1679020	1680020	理由
1680020	1681020	あそこは
1681020	1682020	裏切をしている
1682020	1682020	
1682020	1683020	正直
1683020	1684020	そのコーターで
1684020	1685020	撮ったからといって
1685020	1686020	裏切に繋がるのって
1686020	1687020	1年後とか
1687020	1688020	それぐらいなので
1688020	1689020	今は
1689020	1690020	本期で撮った
1690020	1691020	人たちが
1691020	1693020	しっかり
1693020	1694020	売り上げとして
1694020	1695020	カウンティングされて
1695020	1696020	くるっていうような
1696020	1697020	イメージになります
1697020	1698020	はい
1698020	1699020	当日の事件で
1699020	1700020	元治療員による
1700020	1701020	情報を
1701020	1702020	エリスクを
1702020	1703020	再認識しましたが
1703020	1704020	本社でもここは
1704020	1705020	ディスクとして
1705020	1706020	人式
1706020	1707020	要はされていましょうか
1707020	1708020	どっちのケースも
1708020	1709020	ですが
1709020	1710020	ここに関しては
1710020	1711020	結構対策は
1711020	1713020	していまして
1713020	1715020	僕らの会社の
1715020	1717020	データベースで
1717020	1718020	アクセス者で
1718020	1719020	会社の
1719020	1720020	システムに
1720020	1721020	入って
1721020	1723020	ユーザーが
1723020	1724020	見た際には
1724020	1726020	すべてのログ撮って
1726020	1727020	いる活動で
1727020	1728020	行動しているか
1728020	1729020	みたいな感じで
1729020	1730020	危険な
1730020	1731020	行動してたら
1731020	1732020	すぐに
1732020	1733020	表くるように
1733020	1734020	全部システムを
1734020	1736020	作っているので
1736020	1737020	まずないのと
1737020	1738020	あとは
1738020	1739020	情報へ
1739020	1740020	しないように
1740020	1741020	というところで
1741020	1742020	他のパソコンから
1742020	1743020	アログインできなかったり
1743020	1744020	とか
1744020	1746020	そういったところの
1746020	1748020	制限っていうのも
1748020	1748020	
1748020	1749020	厳しめにかけて
1749020	1750020	いるので
1750020	1751020	一旦できることに
1751020	1752020	関しては
1752020	1753020	最大限やっているかな
1753020	1754020	っていうところで
1754020	1755020	あります
1755020	1756020	はい
1756020	1757020	今
1757020	1758020	ところいただいた
1758020	1759020	質問は
1759020	1761020	こちらで以上になりまして
1761020	1762020	もしまだ
1762020	1763020	ご質問
1763020	1764020	あられる方でしたら
1764020	1765020	もし
1765020	1766020	うつも時間かかるかもし
1766020	1766020	
1766020	1767020	質問ありますと
1767020	1768020	だけ一言でも
1768020	1769020	売っていただけたら
1769020	1770020	ちょっと
1770020	1771020	お待ちさせていただこうか
1771020	1772020	と思います
1772020	1773020	なんで
1773020	1775020	30秒ほど
1775020	1776020	ちょっとじゃあ
1776020	1778020	お待ちいたします
1778020	1780020	はい
1780020	1781020	だった
1781020	1782020	はい
1782020	1783020	はい
1783020	1784020	はい
1784020	1786020	はい
1786020	1788020	はい
1788020	1788220	はい
1788220	1790220	はい
1790220	1792020	はい
1792020	1793020	はい
1793020	1794020	はい
1794020	1795020	はい
1795020	1796020	はい
1796020	1797020	はい
1797020	1798020	はい
1798020	1799020	はい
1799020	1801020	はい
1801020	1802020	はい
1802020	1803460	お待たせ
1803460	1804780	今回は一つ
1804780	1805780	お待ちしたので
1805780	1807020	また少年を
1807020	1809020	についています
1809020	1811020	二本エマンディセンタを対職を
1811020	1814020	とぐりつしている方が
1814020	1814020	
1814020	1816020	とくりつすると
1816020	1818020	つむさぎをの2が大きくなり
1818020	1819020	っぽお利やけのせべては
1819020	1820020	自身の主衛機になる点が
1820020	1821020	見る力的に思います
1821020	1823020	最近では
1823020	1824020	大手の会社に余裕とも
1824020	1826020	結構つけるための
1826020	1827020	データベースが
1827020	1828020	あるようできるというのが
1828020	1829020	お話しも聞きました
1829020	1830020	あなためて唱来的に
1830020	1831020	音社の社員が
1831020	1832020	とくりつるリスク
1832020	1833020	あるいは音社に
1833020	1834020	所属することのメリットを
1834020	1836020	となったようにお考えでしょうか
1836020	1838020	そうです
1838020	1840020	僕らで言うと
1840020	1841020	とくりつする
1841020	1842020	メリットそこまで
1842020	1843020	ないかなっていう
1843020	1844020	ふうに思ってまして
1844020	1845020	なぜないかっていますと
1845020	1846020	まず
1846020	1847020	売り手と書いて
1847020	1849020	分かれている
1849020	1850020	部署が分かれているので
1850020	1851020	売り手の人が
1851020	1852020	とくりつしも
1852020	1853020	書いてるのが
1853020	1854020	知らないので
1854020	1855020	とくりつしも
1855020	1856020	まず事業できないというのと
1856020	1857020	かなり
1857020	1859020	効率化されているので
1859020	1860020	正直今
1860020	1861020	稼いでるメンバーとか
1861020	1862020	て1時とか
1862020	1863020	8時とかに
1863020	1864020	帰っているんですよね
1864020	1865020	それでも
1865020	1866020	最初も
1866020	1867020	高い水準に
1867020	1868020	あるというところを考えると
1868020	1869020	今から
1869020	1870020	とくりつして
1870020	1871020	結局
1871020	1872020	なんてですかね
1872020	1874020	稼げたとし
1874020	1875020	も
1875020	1876020	当然
1876020	1877020	マッチングも
1877020	1878020	しないだろし
1878020	1879020	アンケート自宅に
1879020	1880020	関しても
1880020	1881020	会社の構があるから
1881020	1883020	できるという部分もあるので
1883020	1884020	とくりつして
1884020	1885020	メリットと
1885020	1886020	としも
1886020	1887020	メリットも
1887020	1888020	かなり大きいので
1888020	1889020	トータルバランスで
1889020	1890020	考えて
1890020	1891020	残ってもらえる
1891020	1892020	というふうに
1892020	1893020	僕らを考えているというところですね
1893020	1894020	あと
1894020	1895020	とくりつして
1895020	1896020	変わる人を
1896020	1897020	面接で全部落としていますね
1897020	1898020	なんか
1898020	1900020	企業
1900020	1902020	僕は企業かなんですけれども
1902020	1903020	企業したいとか
1903020	1904020	将来
1904020	1905020	そういうことを考えている
1905020	1906020	という人に
1906020	1907020	関しては
1907020	1908020	分かる範囲で
1908020	1909020	どんだけ
1909020	1910020	集であったとしても
1910020	1911020	入れないようにしていますね
1911020	1912020	はい
1913020	1914020	はい
1914020	1915020	すみません
1915020	1916020	また続けて質問が
1916020	1917020	使っているので
1917020	1918020	何年の
1918020	1920020	教育させていただきます
1920020	1922020	はい
1922020	1923020	1個目ですね
1923020	1924020	主もきに
1924020	1925020	合格専念費を
1925020	1926020	重点的に
1926020	1928020	増やす可能性があるか
1928020	1929020	また
1929020	1930020	ファネルの最上部分を
1930020	1931020	広げるための
1931020	1933020	反促費を増やす必要を感じているかどうか
1933020	1934020	愛設いただきますと
1934020	1935020	幸いです
1935020	1936020	はい
1936020	1937020	ファネル
1937020	1938020	ってなのか
1938020	1939020	すみません
1939020	1940020	それ
1940020	1941020	君
1941020	1942020	家の角度の部分
1942020	1943020	だと思います
1943020	1944020	すみません
1944020	1945020	質問者の方もし
1945020	1946020	また
1946020	1947020	あやまりあったら
1947020	1949020	ご指摘いただければと思いますが
1949020	1950020	2年国国へ
1950020	1952020	重点的に増やす必要は
1952020	1954020	可能性はないですね
1954020	1955020	はい
1955020	1957020	で
1957020	1958020	最上部分を
1958020	1960020	分かないですけれども
1960020	1961020	CMとか
1961020	1962020	何ですかね
1962020	1963020	分からないですけど
1963020	1964020	そこに
1964020	1966020	反促費を増やしても
1966020	1967020	コストパフォーマスが
1967020	1969020	あるのであれば増やしますので
1969020	1971020	セミナーとかに関しては
1971020	1972020	やっていって
1972020	1973020	コストパがあるので
1973020	1974020	あれば
1974020	1975020	実施っていうような
1975020	1977020	考えでやってはいるんですけれども
1977020	1979020	CMに関しては
1979020	1980020	現状でいうとコストパフォーマスは
1980020	1981020	合わないっていう
1981020	1982020	ふうに判断をしたので
1982020	1983020	一旦は
1983020	1984020	市も判断とかで
1984020	1985020	じゃあやります
1985020	1986020	とかっていう判断には
1986020	1988020	ならないかなと思います
1988020	1989020	はい
1989020	1991020	2つ目です
1991020	1993020	2024年9月起に
1993020	1994020	アドバイザー数が
1994020	1995020	320名になっても
1995020	1996020	分かってくリスクは
1996020	1997020	ないですか
1997020	1998020	まあ
1998020	1999020	そうですね
1999020	2001020	現状リスクとなり
2001020	2002020	SRの部分っていうのは
2002020	2003020	当然考えながら
2003020	2004020	計画しているので
2004020	2006020	まあ
2006020	2007020	現状でいうと
2007020	2008020	考えられる範囲は
2008020	2010020	あのしっかり対応しているっていうような
2010020	2012020	回答になりますね
2012020	2013020	はい
2013020	2014020	うん
2014020	2015020	また質問があるので
2015020	2017020	ぜひさせていただきます
2017020	2019020	新規作業する場合に
2019020	2020020	全職で
2020020	2021020	営業上に秘密を
2021020	2022020	持ち込まれるのを
2022020	2024020	防ぐ方法はありますか
2024020	2027020	全職で営業上の
2029020	2031020	全職に
2031020	2033020	全職で
2033020	2034020	パブンそうだと
2034020	2035020	全職から
2035020	2036020	もう基本的に
2036020	2037020	関係の持ち込みとか
2037020	2038020	僕ら
2038020	2039020	やってないので
2039020	2041020	やらせないようにしています
2041020	2042020	なんか
2042020	2043020	それって普通に
2043020	2044020	全職の会社に
2044020	2045020	名はかかる方法ですし
2045020	2046020	まあ
2046020	2046020	
2046020	2047020	アウトですし
2047020	2048020	法的にも
2048020	2049020	アウトだと思うので
2049020	2050020	そういう
2050020	2051020	案件っていうのは
2051020	2052020	全部置いてきてくれ
2052020	2053020	っていう話はしている
2053020	2054020	っていうところです
2054020	2055020	はい
2055020	2056020	はい
2056020	2057020	続いて
2057020	2058020	エマンデー市上は
2058020	2059020	成長しているという
2059020	2060020	認識ですか
2060020	2061020	上場している
2061020	2062020	同様が
2062020	2062020	
2062020	2063020	お伺いします
2063020	2064020	また成長しているなら
2064020	2065020	年日このどのくらい
2065020	2066020	伸びますか
2066020	2067020	協和比較で
2067020	2068020	協和小さいこと
2068020	2069020	や伸びなくても
2069020	2070020	シェアップで
2070020	2073020	音車を成長していくという認識ですか
2073020	2073020	
2073020	2074020	すごいですね
2074020	2075020	まず
2075020	2076020	市場自体は
2076020	2078020	成長していると思ってます
2078020	2079020	と
2079020	2080020	で
2080020	2081020	まあ
2081020	2082020	今後どれくらいの話すか
2082020	2082020	
2082020	2083020	人数に
2083020	2084020	応じて
2084020	2084020	
2084020	2085020	単純に
2085020	2086020	ひれすしていく
2086020	2087020	ひれ関係になってる
2087020	2088020	かなっていう風に
2088020	2089020	まず思ってますと
2089020	2090020	で
2090020	2091020	協和が
2091020	2092020	協和比較で
2092020	2093020	協和小さいことは
2093020	2094020	伸びなくても
2094020	2095020	結構
2095020	2096020	シェアップ
2096020	2096020	
2096020	2097020	そうですね
2097020	2098020	とる人数が
2098020	2099020	多いので
2099020	2099020	
2099020	2101020	じゃあ
2101020	2101020	
2101020	2103020	決策説明書にあったように
2103020	2103020	
2103020	2104020	700名いたときに
2104020	2105020	単純に
2105020	2106020	他の会社が
2106020	2107020	何名いるか
2107020	2108020	というところで
2108020	2109020	仕上げまってくるので
2109020	2110020	今の僕らが
2110020	2111020	持っている仕上がらは
2111020	2112020	上がっていくだろう
2112020	2113020	という風に
2113020	2114020	想定しています
2114020	2115020	はい
2115020	2116020	続いての
2116020	2117020	質問です
2117020	2118020	はい
2118020	2119020	長が
2119020	2119020	
2119020	2120020	全集中しているのは
2120020	2121020	この先
2121020	2122020	というような人材の
2122020	2123020	作業は
2123020	2123020	
2123020	2124020	になるということも
2124020	2125020	試合にあるのでしょうか
2125020	2126020	今
2126020	2126020	
2126020	2127020	経営者の
2127020	2128020	より企業は
2128020	2129020	どこも
2129020	2130020	加速しているので
2130020	2131020	何かあるのかな
2131020	2132020	と見ています
2132020	2133020	まっしょ
2133020	2134020	ですね
2134020	2135020	難しくなる
2135020	2136020	からやってる
2136020	2137020	っていうわけではなく
2137020	2138020	でここに
2138020	2139020	僕の時間を
2139020	2140020	使うことが
2140020	2141020	一番コストパフォーマン
2141020	2142020	使うからやってる
2142020	2143020	っていう感じのイメージですね
2143020	2144020	はい
2144020	2145020	なので
2145020	2146020	急速に
2146020	2147020	難しくなる
2147020	2148020	とか別に
2148020	2149020	ないですね
2149020	2150020	ただ単純に
2150020	2151020	時間をどこに
2151020	2152020	使うのが
2152020	2153020	一番コストパフォーマン
2153020	2154020	強く会社の売り上げ
2154020	2155020	利益があげれるか
2155020	2156020	っていう
2156020	2157020	話でいうと
2157020	2158020	左右の
2158020	2159020	ところに
2159020	2160020	ふたほうが
2160020	2161020	良いよね
2161020	2162020	っていう話だと思ってます
2162020	2163020	別の
2163020	2164020	ビジネスモデルを
2164020	2165020	僕が系しているのであれば
2165020	2166020	別のところにも
2166020	2167020	しかしたら
2167020	2167020	
2167020	2168020	かもしれませんけれども
2168020	2169020	この
2169020	2170020	ビジネスモデルで
2170020	2171020	いうと
2171020	2172020	多分
2172020	2173020	左右のところに
2173020	2174020	時間をつやすのが
2174020	2175020	いいかなっていう
2175020	2176020	ふうに思ってます
2176020	2177020	ただ
2177020	2178020	そんなに
2178020	2179020	なんていうんですかね
2179020	2180020	ほんが
2180020	2181020	めちゃくちゃかかってるか
2181020	2182020	というと
2182020	2183020	そうでもなくてですね
2183020	2184020	大体
2184020	2185020	1日
2185020	2186020	それぐらいのレベル感で
2186020	2187020	時間をかかってるぐらいなので
2187020	2188020	大体
2188020	2189020	1
2189020	2190020	最終面接当たり
2190020	2191020	30分とかで
2191020	2192020	デイリーで
2192020	2193020	1220に
2193020	2194020	見て
2194020	2195020	というところ
2195020	2196020	10人から
2196020	2197020	15人の間ぐらいですかね
2197020	2198020	ほぼ
2198020	2199020	あって見て
2199020	2200020	収益が
2200020	2201020	やっていくというところなので
2201020	2202020	そんなに
2202020	2203020	なんていうですかね
2203020	2204020	収
2204020	2205020	いつか感とか
2205020	2206020	4か感
2206020	2206020	
2206020	2207020	すごい
2207020	2208020	集中してやってます
2208020	2209020	はい
2209020	2210020	はい
2210020	2211020	はい
2211020	2212020	続いてです
2212020	2213020	はい
2213020	2214020	ほぼしか
2214020	2215020	総格大のための
2215020	2216020	授業説明会
2216020	2217020	イベントなどを
2217020	2218020	予定していますか
2218020	2218020	
2218020	2219020	本社の
2219020	2220020	認想像にしたがって
2220020	2221020	ARネーリ型を
2221020	2222020	どのように
2222020	2223020	書いていくのか
2223020	2224020	開いていかないのか
2224020	2225020	チーム体制の
2225020	2226020	計画も含めて
2226020	2227020	教えてください
2227020	2228020	はい
2228020	2228020	
2228020	2229020	大きな
2229020	2231020	さんの方が
2231020	2232020	そうですね
2232020	2233020	今ところ
2233020	2234020	個人頭しか向けの
2234020	2235020	説明会とは
2235020	2237020	まだ実施したことがないので
2237020	2239020	確かに
2239020	2240020	高まるについて
2240020	2241020	ARネーリ型を
2241020	2242020	書いていく
2242020	2243020	角度があるんですけれども
2243020	2245020	我々としては
2245020	2246020	このやるとしたら
2246020	2247020	個人頭しか向けの
2247020	2248020	説明を
2248020	2249020	確重する
2249020	2250020	やったりとか
2250020	2251020	あとは
2251020	2252020	海外の
2252020	2253020	頭しかの方向けの
2253020	2254020	英語の説明とかですね
2254020	2255020	英語のコンテンツの
2255020	2256020	確重っていうのは
2256020	2257020	考えていくことを
2257020	2258020	思っています
2258020	2259020	チーム体制についても
2259020	2260020	されに
2260020	2261020	AR経験者であったりとか
2261020	2262020	まあ
2262020	2263020	経験は
2263020	2263020	
2263020	2264020	通用がある方とか
2264020	2265020	含めて
2265020	2266020	人数は
2266020	2267020	思っております
2267020	2268020	もしさがみさ
2268020	2269020	補足とかあれば
2269020	2270020	お願いします
2270020	2271020	そうですね
2271020	2272020	大丈夫だと思います
2272020	2273020	はい
2273020	2274020	ありがとうございます
2274020	2275020	じゃあ
2275020	2276020	続きの質問ですね
2276020	2277020	本物業席
2277020	2278020	見通してを
2278020	2279020	考える上で
2279020	2280020	教えていただきたいのですが
2280020	2281020	新たに
2281020	2282020	入社した方の
2282020	2283020	案件拡特までの期間は
2283020	2284020	続き
2284020	2285020	量行な数字を
2285020	2286020	維持できているという理解で
2286020	2287020	よろしいでしょうか
2287020	2288020	また
2288020	2289020	一度拡特
2289020	2290020	確保計上した
2290020	2291020	自中の
2291020	2292020	キャンセル率が
2292020	2293020	上がっていることも
2293020	2294020	ないと見て
2294020	2295020	よろしいでしょうか
2295020	2296020	問題ないかなと思って
2296020	2297020	まして
2297020	2298020	僕ら内部で
2298020	2299020	どういう指標を見ているか
2299020	2300020	って言いますと
2300020	2301020	こういうキャンセルだったり
2301020	2302020	とか
2302020	2303020	そういうものを
2303020	2304020	除いて
2304020	2305020	アクティブに
2305020	2306020	動いている案件の
2306020	2307020	合計で取れる
2307020	2308020	テスロッキン学みたいなのを
2308020	2309020	全部見て
2309020	2310020	いてですね
2310020	2311020	で
2311020	2312020	そこの割合っていうのが
2312020	2313020	人数が増えた分に
2313020	2314020	応じて
2314020	2315020	比例関係になっているか
2315020	2316020	どうかっていうのを見て
2316020	2317020	いて
2317020	2318020	そこに
2318020	2319020	監視問題が
2319020	2320020	処に聞けないので
2320020	2321020	結論今のところ
2321020	2322020	問題ないのかな
2322020	2323020	っていうふうに
2323020	2324020	思ってるという感じですね
2324020	2325020	続いているの
2325020	2326020	人もあるので
2326020	2327020	私します
2327020	2328020	証券会社が
2328020	2329020	出している
2329020	2330020	ライキーコーンの予想が
2330020	2331020	非常に高いテスが
2331020	2332020	それに対して
2332020	2333020	今回の採用や
2333020	2334020	製薬検数の
2334020	2335020	見通しは
2335020	2336020	指標として
2336020	2337020	言わづるかも
2337020	2338020	と思います
2338020	2338020	
2338020	2339020	試合案件ごとに
2339020	2340020	採用計画が
2340020	2341020	割れできておりますが
2341020	2342020	改めて
2342020	2343020	今回の中期見通しは
2343020	2344020	社長として
2344020	2344020	
2344020	2345020	達成できる
2345020	2346020	スーチで
2346020	2347020	割れを目指せる程度なので
2347020	2348020	しょうか
2348020	2349020	あるいは
2349020	2350020	どれくん
2350020	2351020	目標というくらい
2351020	2352020	高い目標ですか
2352020	2354020	そうですね
2354020	2358020	どれを答えたらいいのか
2358020	2361020	採用に関しては
2361020	2362020	ある程度
2362020	2363020	自信あるかな
2363020	2364020	っていうふうには
2364020	2365020	思ってますけどね
2365020	2366020	まあ
2366020	2367020	どれくん目標っていうよりも
2367020	2368020	一発で
2368020	2369020	やるべき
2369020	2370020	通じだと思っているので
2370020	2371020	解実している
2371020	2372020	っていうふうに
2372020	2373020	考えてますね
2373020	2375020	はい
2375020	2378020	今のところいただいた質問は
2378020	2379020	一応になります
2379020	2380020	もし
2380020	2381020	先ほど用
2381020	2382020	荒られる方は
2382020	2383020	特めと多く
2383020	2385020	っていただけると思います
2385020	2386020	まあ
2386020	2387020	今
2387020	2388020	決まりました
2388020	2389020	ちょっと待ちください
2389020	2392020	はい
2392020	2394020	はい
2394020	2395020	はい
2395020	2395020	
2395020	2396020	とに
2396020	2397020	心道があるので
2397020	2398020	お鍋を
2398020	2400020	打ちさせていただきます
2400020	2402020	はい
2402020	2403020	はい
2403020	2404020	ごめんですね
2404020	2405020	マンデーの製薬で
2405020	2406020	中小企業が
2406020	2407020	配慮しないことは
2407020	2408020	アサカイ的意義が
2408020	2409020	あります
2409020	2410020	それを共に
2410020	2411020	立てさわっている
2411020	2412020	アドバイザーの
2412020	2413020	モチベーションは
2413020	2415020	上がっていますか
2415020	2416020	今
2416020	2417020	そうですね
2417020	2418020	えっと
2418020	2419020	まあ
2419020	2421020	上がっているっていうの
2421020	2423020	ってなんてですかね
2423020	2424020	こう
2424020	2425020	前後比較だと思うんですけれども
2425020	2426020	まあ
2426020	2427020	別に上がっている
2427020	2428020	もさがってるもなく
2428020	2429020	高いモチベーションで
2429020	2430020	やってるかな
2430020	2431020	っていうところだと思います
2431020	2432020	はい
2432020	2433020	はい
2433020	2434020	と2つ目
2434020	2435020	内外の
2435020	2436020	機関等仕方の対話
2436020	2437020	所在で
2437020	2438020	社長を
2438020	2439020	持っているのが
2439020	2440020	あったでしょうか
2440020	2441020	うん
2441020	2442020	そうですね
2442020	2443020	これ
2443020	2443020	
2443020	2444020	さんなんか
2444020	2445020	ありますかね
2445020	2446020	そう
2446020	2447020	ささった
2447020	2448020	質問
2448020	2449020	よりかは
2449020	2450020	特に
2450020	2452020	海外に関東
2452020	2453020	仕方を
2453020	2454020	仕方を話しているときの
2454020	2455020	その
2455020	2456020	マーケットの
2456020	2457020	見方っていうんですかね
2457020	2458020	かなり
2458020	2459020	不簡適に
2459020	2460020	見られている方は
2460020	2461020	多いなと思っていて
2461020	2462020	それを
2462020	2463020	日本の
2463020	2464020	マーケットは
2464020	2465020	少し
2465020	2466020	しかない
2466020	2467020	というのも
2467020	2468020	気づかんだったりとか
2468020	2469020	聞かれたのは
2469020	2470020	ささって
2470020	2471020	言っているか
2471020	2472020	なるほどな
2472020	2473020	っていう勉強になった
2473020	2474020	っていうのはありますかね
2474020	2475020	はい
2475020	2476020	まとは
2476020	2477020	引き継いの
2477020	2478020	その
2478020	2479020	会議の
2479020	2480020	仕方だったりとか
2480020	2481020	そういうところに対して
2481020	2482020	会社が
2482020	2482020	
2482020	2483020	考えているか
2483020	2484020	みたいなのは
2484020	2485020	ご質問
2485020	2486020	だったりとか
2486020	2487020	議論させていただく
2487020	2488020	ケースが
2488020	2489020	多かったので
2489020	2490020	そこに関しての会議っていうのは
2490020	2491020	今後
2491020	2492020	強めていくっていうのが
2492020	2493020	ところになりますね
2493020	2495020	はい
2495020	2497020	2日と
2497020	2498020	もうなかったら
2498020	2499020	いいと思います
2499020	2500020	エージェントに
2500020	2501020	一番
2501020	2502020	エージェントを
2502020	2502020	
2502020	2503020	もらうためには
2503020	2504020	何かされているのでしょうか
2504020	2505020	それは
2505020	2506020	コストは
2506020	2507020	かかりませんか
2507020	2509020	そうですね
2509020	2510020	エージェントの
2510020	2511020	人も
2511020	2512020	結局
2512020	2513020	いろんな会社は
2513020	2514020	使っているので
2514020	2515020	僕らの会社の
2515020	2516020	良さを
2516020	2517020	まず
2517020	2519020	わからないというか
2519020	2520020	中会会社も
2520020	2521020	どれも
2521020	2522020	何も変わらない
2522020	2523020	っていう風に
2523020	2524020	思っている会社さんも
2524020	2525020	なんでエージェントの
2525020	2526020	人が
2526020	2528020	高保者の人に
2528020	2529020	私
2529020	2530020	資料だったり
2530020	2531020	とか
2531020	2532020	この会社と
2532020	2533020	こういう会社なんですよ
2533020	2534020	説明資料
2534020	2535020	本来エージェントさんが
2535020	2536020	多分
2536020	2537020	作るところを
2537020	2538020	僕らが
2538020	2539020	作ってエージェントさんに
2539020	2540020	私たちとかを
2540020	2541020	しています
2541020	2542020	なので
2542020	2543020	それを
2543020	2544020	思って
2544020	2545020	高保者の人に
2545020	2546020	苦労いても
2546020	2547020	ラウッティーヨーな
2547020	2548020	ところでエージェントコントロールする
2548020	2549020	みたいな動きは
2549020	2550020	したりはしています
2550020	2552020	それに対しての
2552020	2553020	コストっていう
2553020	2554020	と僕らの
2554020	2555020	人権費かな
2555020	2556020	というところなんですけれども
2556020	2557020	まあ
2557020	2558020	3万円くらいの
2558020	2559020	感覚ですね
2559020	2560020	はい
2560020	2561020	はい
2561020	2562020	こちらは僕から
2562020	2563020	回答しようと思いますが
2563020	2564020	スライド
2564020	2565020	B7の
2565020	2566020	製薬権すると
2566020	2568020	製薬短化をかけると
2568020	2570020	製薬保守利益になると思いますが
2570020	2571020	2球は
2571020	2572020	6000
2572020	2573020	6000万円かける
2573020	2574020	29000円
2574020	2575020	で
2575020	2576020	17000円となります
2576020	2577020	2球利益
2577020	2578020	だから
2578020	2579020	17000円との
2579020	2580020	差が
2580020	2582020	1000万
2582020	2584020	9000万の中間保守
2584020	2585020	1.1億円と比べて
2585020	2587020	2球は小さくなっていると思いますが
2587020	2588020	問題ないでしょうか
2588020	2589020	はい
2589020	2589020	
2589020	2590020	なの問題は
2590020	2591020	ないですと
2591020	2591020	
2591020	2592020	ご質問の
2592020	2592020	
2592020	2593020	中間保守が
2593020	2594020	あまり
2594020	2595020	たまってないから
2595020	2596020	この先の売り上げが
2596020	2596020	
2596020	2597020	出てこないんじゃないか
2597020	2598020	っていうご懸念かなとは
2598020	2599020	思うんですけれども
2599020	2600020	販貸の計算
2600020	2601020	自体が
2601020	2603020	ちょっとややこしいんですけれども
2603020	2604020	その
2604020	2605020	資判金に制薬した
2605020	2606020	案件の
2606020	2607020	これまで
2607020	2608020	受け取っている
2608020	2609020	中間保守も
2609020	2610020	すべて
2610020	2611020	含めた
2611020	2612020	取って
2612020	2613020	参加しておりますと
2613020	2614020	なので
2614020	2615020	参加したいが
2615020	2616020	その資判金が
2616020	2617020	入ってる売り上げとは
2617020	2618020	玄密に
2618020	2619020	は連動していない状態
2619020	2620020	で
2620020	2621020	製薬金数をかけて
2621020	2622020	もう
2622020	2623020	きれいにいっちゃいしないっていうのは
2623020	2624020	中間保守の分間ありますし
2624020	2625020	参加したいが
2625020	2626020	玄密連動していない
2626020	2627020	ってさ
2627020	2628020	今日のお伝えしたいよ
2628020	2629020	2つから
2629020	2630020	きておりまして
2630020	2631020	なかなか実際の
2631020	2632020	裏側の数字を
2632020	2633020	お店できないと
2633020	2634020	難しいと思うんですけれども
2634020	2635020	中身に
2635020	2636020	見ている限りは
2636020	2637020	中間保守が
2637020	2638020	1球利益で
2638020	2639020	引くけど
2640020	2641020	もんないな
2641020	2642020	意味的で
2642020	2643020	あります
2643020	2646020	まさに
2646020	2647020	多め
2647020	2648020	今
2648020	2650020	もう1つ質問が
2650020	2651020	来たので
2651020	2652020	すみません
2652020	2653020	画面を
2653020	2654020	通していきます
2655020	2656020	女生比率に
2656020	2657020	関する話ですね
2657020	2659020	アドバイザー数の
2659020	2660020	女生比率は
2660020	2661020	どの程度でしょうか
2661020	2662020	女生が増えれば
2662020	2663020	更にアドバイザー数の
2663020	2664020	採用が
2664020	2665020	安定すると思われていますか
2665020	2666020	そうです
2666020	2668020	引率に関しては
2669020	2671020	最近では
2671020	2672020	かなり
2672020	2673020	平者でも
2673020	2674020	活躍する女性社員が
2674020	2676020	出たしているので
2676020	2677020	そこに関して
2677020	2678020	採用のワクっていうのは
2678020	2680020	広げていこうかな
2680020	2681020	というふうに思いますけれども
2681020	2682020	それによって
2682020	2683020	大幅に
2683020	2684020	こう増えるか
2684020	2685020	というと
2685020	2686020	そこまでの
2686020	2687020	影響じゃないのかな
2687020	2688020	というふうには
2688020	2691020	見てますね
2691020	2692020	一体
2692020	2693020	いただいた質問は
2693020	2695020	以上になりますね
2695020	2697020	はい
2697020	2698020	では
2698020	2700020	実は
2700020	2701020	最後にしてます
2701020	2703020	1個だけ
2703020	2704020	しましたので
2704020	2705020	じゃあこれで
2705020	2706020	最後の質問を
2706020	2707020	とさせていただければ
2707020	2709020	と思います
2709020	2712020	画面を切り替えます
2712020	2713020	2球は
2713020	2714020	昨年も1球体系で
2714020	2715020	マイナスですが
2715020	2716020	季節用員は
2716020	2718020	ありますか
2718020	2719020	まあ
2719020	2720020	そうですね
2720020	2721020	季節用員は
2721020	2722020	本当におそらく
2722020	2723020	ないので
2723020	2725020	短順に
2725020	2727020	多少
2727020	2728020	1個おターに
2728020	2729020	入りにくおターの
2729020	2730020	文が
2730020	2731020	気づれしたとか
2731020	2732020	そういう影響地になるのかな
2732020	2734020	って思ってて
2734020	2735020	まあ
2735020	2736020	普通にこれが
2736020	2737020	なんてですか
2737020	2739020	5倍のアドバイザーを
2739020	2740020	続いてとかになると
2740020	2741020	基本的には
2741020	2742020	右方が
2742020	2743020	になるというような
2743020	2744020	ビジネスモデルだと思いますし
2744020	2745020	なんてですか
2745020	2746020	季節性によって
2746020	2747020	なんか
2747020	2748020	僕らが
2748020	2748020	
2748020	2749020	って
2749020	2749020	
2749020	2750020	特にないので
2750020	2751020	もう
2751020	2752020	売り手さん
2752020	2753020	と会社さんの
2753020	2754020	タイミング次第っていう
2754020	2755020	そこまで
2755020	2756020	季節性っていうのは
2756020	2757020	まあ
2757020	2758020	この時期だから
2758020	2759020	安定決めたいです
2759020	2760020	とかっていうのは
2760020	2761020	満別にないかな
2761020	2763020	っていうふうに思ってます
2763020	2764020	で
2764020	2765020	ちょうど
2765020	2766020	これで今の
2766020	2767020	全部で
2767020	2768020	40件ですね
2768020	2769020	9位
2769020	2770020	合わせていただきました
2770020	2771020	と質問は
2771020	2772020	一旦以上と
2772020	2773020	させていただきます
2773020	2774020	では
2774020	2775020	これを待ちまして
2775020	2777020	2023年9月期
2777020	2778020	第2シャンキーの
2778020	2779020	決算説明会は
2779020	2780020	以上とさせていただきます
2780020	2781020	練球前の
2781020	2782020	そういう時間に
2782020	2783020	もかかわり
2783020	2784020	ございました
2784020	2785020	ありがとうございました
